{"ClassID": "200525_Replication_Study", "ExperimentID": "PL_PC_T_MAPI_8Sun_25C_60RH_air_2_3", "SampleID": "YM-2-4", "Analysis Date": "7/2/2020", "Temperature (deg C)": 25, "Atmosphere_RH (%)": 61.0, "Atmosphere_O2 (%)": 21, "Atmosphere_N2 (%)": 79, "Excitation Intensity": 8, "Stress Intensity": 8, "Excitation Source": "Green LED", "User": "Preetham", "Ld_contacts": false, "using_XYstage": false, "Ld_data": true, "Transmissivity_data": true, "channel_length": 0.0002, "channel_width": 0.0003, "Other Comments": "", "vidTimeMs": 5000, "nrFrames": 50, "vidTimeIntervalMs": 300000, "nGradPoints": 1, "nGradients": 1, "Background_Light": "none", "Encapsulation": "none"}