{"ClassID": "200525_Replication_Study", "ExperimentID": "PL_PC_T_MAPI_8Sun_25C_60RH_air_1_1", "SampleID": "WDS-54-14", "Analysis Date": "5/25/2020", "Temperature (deg C)": 25, "Atmosphere_RH (%)": 59.5, "Atmosphere_O2 (%)": 21, "Atmosphere_N2 (%)": 79, "Excitation Intensity": 8, "Stress Intensity": 8, "Excitation Source": "Green LED", "User": "Tim", "Ld_contacts": false, "using_XYstage": false, "Ld_data": true, "Transmissivity_data": true, "channel_length": 0.0002, "channel_width": 0.0003, "Other Comments": "", "vidTimeMs": 5000, "nrFrames": 50, "vidTimeIntervalMs": 600000, "nGradPoints": 1, "nGradients": 1, "Background_Light": "none", "Encapsulation": "none"}