{"ClassID": "200709_Modeling_Runs", "ExperimentID": "PC_PL_Tr_MAPI_8sun_25C_60RH_N2_3", "SampleID": "YM-10-10", "Analysis Date": "10/27/2020", "Temperature (deg C)": 25, "Atmosphere_RH (%)": 60, "Atmosphere_O2 (%)": 0, "Atmosphere_N2 (%)": 100, "Excitation Intensity": 8, "Stress Intensity": 8, "Excitation Source": "Green LED", "User": "Kayden", "Ld_contacts": false, "using_XYstage": false, "Ld_data": true, "Transmissivity_data": true, "channel_length": 0.00016, "channel_width": 0.0003, "Other Comments": "", "vidTimeMs": 5000, "nrFrames": 50, "vidTimeIntervalMs": 300000, "nGradPoints": 1, "nGradients": 1, "Background_Light": "max", "Encapsulation": "none", "Microscope": 2}