{"ClassID": "190916_PLVA_Perovskite_Degradation_Study", "ExperimentID": "PL_T_MAPI_air_60RH_25C_8Suns_No_Contacts", "SampleID": "HBQ7-22", "Analysis Date": "11/08/2019", "Temperature (deg C)": 25, "Atmosphere_RH (%)": 61.4, "Atmosphere_O2 (%)": 21, "Atmosphere_N2 (%)": 79, "Excitation Intensity": 8, "Excitation Source": "Green LED", "User": "Wiley", "Ld_contacts": false, "using_XYstage": false, "Ld_data": false, "Transmissivity_data": true, "channel_length": 0.0002, "channel_width": 0.0003, "Other Comments": "none", "vidTimeMs": 5000, "nrFrames": 50, "vidTimeIntervalMs": 60000, "nGradPoints": 1, "nGradients": 1}