{"ClassID": "190916_PLVA_Perovskite_Degradation_Study", "ExperimentID": "PL_PC_T_MAPI_air_60RH_25C_8Suns", "SampleID": "HBQ2-XX", "Analysis Date": "09/26/2019", "Temperature (deg C)": 25, "Atmosphere_RH (%)": 59.5, "Atmosphere_O2 (%)": 21, "Atmosphere_N2 (%)": 79, "Excitation Intensity": 8, "Excitation Source": "Green LED", "User": "Wiley", "Ld_contacts": false, "using_XYstage": false, "Ld_data": true, "Transmissivity_data": true, "channel_length": 0.0002, "channel_width": 0.0003, "Other Comments": "None", "vidTimeMs": 5000, "nrFrames": 50, "vidTimeIntervalMs": 120000}