{"SampleID": "HBQ2-XX", "Fabrication Date": "09/24/2019", "Starting Composition A-site": "MA 1.0", "Starting Composition B-site": "Pb 1.0", "Starting Composition X-site": "I 1.0", "Ending Composition A-site": null, "Ending Composition B-site": null, "Ending Composition X-site": null, "Fab Method": "Spin Coating", "Fab Details": "4000rpm 45s + DEE dip 60s", "Ink Solvent": "9:8 v:v NMP:DMF", "Ink Concentraion, M": "1.0", "Anneal Temp, C": "100", "Anneal time, min": "10", "Film Thickness, nm": 300, "Fabrication Environment": "Big GB", "Fab O2 ppm": "XX", "Fab H20 ppm": "XX", "Storage Comments": "Spin GB", "User": "Hongbo", "Other Fabrication Comments": "none"}