{"SampleID": "KT-24-15", "Fabrication Date": "11/14/2020", "Starting Composition A-site": "MA 1.0", "Starting Composition B-site": "Pb 1.0", "Starting Composition X-site": "I 1.0", "Ending Composition A-site": null, "Ending Composition B-site": null, "Ending Composition X-site": null, "Fab Method": "Spin Coating", "Fab Details": "4000 rpm for 45 s + DEE bath for 1 min", "Ink Solvent": "1:1 v:v DMF:NMP", "Ink Concentraion, M": "1.0", "Anneal Temp, C": "100", "Anneal time, min": "10", "Film Thickness, nm": 300, "Fabrication Environment": "Spin Coater GB", "Fab O2 ppm": "XX", "Fab H20 ppm": "XX", "Storage Comments": "Spin coater GB", "User": "Preetham-Kayden", "Other Fabrication Comments": "None"}