{"ClassID": "191203_Single_Sample_PL_PC_T_Combinatorial_Stress_Study", "ExperimentID": "PL_PC_T_MAPI_8Sun_25C_60RH_100pctO2_Unencap", "SampleID": "HBQ13-1", "Analysis Date": "12/18/2019", "Temperature (deg C)": 25, "Atmosphere_RH (%)": 62.4, "Atmosphere_O2 (%)": 100, "Atmosphere_N2 (%)": 0, "Excitation Intensity": 8, "Excitation Source": "Green LED", "User": "Wiley", "Ld_contacts": false, "using_XYstage": false, "Ld_data": true, "Transmissivity_data": true, "channel_length": 0.0002, "channel_width": 0.0003, "Other Comments": "none", "vidTimeMs": 5000, "nrFrames": 50, "vidTimeIntervalMs": 60000, "nGradPoints": 1, "nGradients": 1, "Background_Light": "none", "Encapsulation": "none"}