{"SampleID": "HBQ13-1", "Fabrication Date": "12/14/2019", "Starting Composition A-site": "MA 1.0", "Starting Composition B-site": "Pb 1.0", "Starting Composition X-site": "I 1.0", "Ending Composition A-site": "None", "Ending Composition B-site": "None", "Ending Composition X-site": "None", "Fab Method": "Spin Coating", "Fab Details": "4000rpm 45s + DEE dip 60s", "Ink Solvent": "1:1 v:v DMF:NMP", "Ink Concentraion, M": "1.0", "Anneal Temp, C": "100", "Anneal time, min": "10", "Film Thickness, nm": 300, "Fabrication Environment": "Spin Coater GB", "Fab O2 ppm": "17.1", "Fab H20 ppm": "0.1", "Storage Comments": "Spin GB", "User": "Hongbo", "Other Fabrication Comments": "none"}